Cites,Authors,Title,Year,Source,Publisher,ArticleURL,CitesURL,GSRank,QueryDate,Type,DOI,ISSN,CitationURL,Volume,Issue,StartPage,EndPage,ECC,CitesPerYear,CitesPerAuthor,AuthorCount,Age,Abstract,FullTextURL,RelatedURL
151,"C.S. Xia","Automated Program Repair in the Era of Large Pre-trained Language Models",2023,"Proceedings - International Conference on Software Engineering","","https://www.scopus.com/inward/record.uri?partnerID=HzOxMe3b&scp=85167699778&origin=inward","https://www.scopus.com/inward/citedby.uri?partnerID=HzOxMe3b&scp=85167699778&origin=inward",1,"2025-03-14 11:34:29","Conference Paper","10.1109/ICSE48619.2023.00129","0270-5257","https://api.elsevier.com/content/abstract/scopus_id/85167699778",,,1482,1494,151,75.50,151,1,2,"","",""
66,"D. Sobania","An Analysis of the Automatic Bug Fixing Performance of ChatGPT",2023,"Proceedings - 2023 IEEE/ACM International Workshop on Automated Program Repair, APR 2023","","https://www.scopus.com/inward/record.uri?partnerID=HzOxMe3b&scp=85168084339&origin=inward","https://www.scopus.com/inward/citedby.uri?partnerID=HzOxMe3b&scp=85168084339&origin=inward",3,"2025-03-14 11:34:29","Conference Paper","10.1109/APR59189.2023.00012","","https://api.elsevier.com/content/abstract/scopus_id/85168084339",,,23,30,66,33.00,66,1,2,"","",""
96,"C.S. Xia","Less training, more repairing please: revisiting automated program repair via zero-shot learning",2022,"ESEC/FSE 2022 - Proceedings of the 30th ACM Joint Meeting European Software Engineering Conference and Symposium on the Foundations of Software Engineering","","https://www.scopus.com/inward/record.uri?partnerID=HzOxMe3b&scp=85143085938&origin=inward","https://www.scopus.com/inward/citedby.uri?partnerID=HzOxMe3b&scp=85143085938&origin=inward",2,"2025-03-14 11:34:29","Conference Paper","10.1145/3540250.3549101","","https://api.elsevier.com/content/abstract/scopus_id/85143085938",,,959,971,96,32.00,96,1,3,"","",""
56,"N. Jiang","Impact of Code Language Models on Automated Program Repair",2023,"Proceedings - International Conference on Software Engineering","","https://www.scopus.com/inward/record.uri?partnerID=HzOxMe3b&scp=85159653141&origin=inward","https://www.scopus.com/inward/citedby.uri?partnerID=HzOxMe3b&scp=85159653141&origin=inward",5,"2025-03-14 11:34:29","Conference Paper","10.1109/ICSE48619.2023.00125","0270-5257","https://api.elsevier.com/content/abstract/scopus_id/85159653141",,,1430,1442,56,28.00,56,1,2,"","",""
64,"J.A. Prenner","Can OpenAI's Codex Fix Bugs?: An evaluation on QuixBugs",2022,"Proceedings - International Workshop on Automated Program Repair, APR 2022","","https://www.scopus.com/inward/record.uri?partnerID=HzOxMe3b&scp=85135169988&origin=inward","https://www.scopus.com/inward/citedby.uri?partnerID=HzOxMe3b&scp=85135169988&origin=inward",4,"2025-03-14 11:34:29","Conference Paper","10.1145/3524459.3527351","","https://api.elsevier.com/content/abstract/scopus_id/85135169988",,,69,75,64,21.33,64,1,3,"","",""
55,"Y. Li","DEAR: A Novel Deep Learning-based Approach for Automated Program Repair",2022,"Proceedings - International Conference on Software Engineering","","https://www.scopus.com/inward/record.uri?partnerID=HzOxMe3b&scp=85133531314&origin=inward","https://www.scopus.com/inward/citedby.uri?partnerID=HzOxMe3b&scp=85133531314&origin=inward",6,"2025-03-14 11:34:29","Conference Paper","10.1145/3510003.3510177","0270-5257","https://api.elsevier.com/content/abstract/scopus_id/85133531314",2022,,511,523,55,18.33,55,1,3,"","",""
33,"W. Wang","RAP-Gen: Retrieval-Augmented Patch Generation with CodeT5 for Automatic Program Repair",2023,"ESEC/FSE 2023 - Proceedings of the 31st ACM Joint Meeting European Software Engineering Conference and Symposium on the Foundations of Software Engineering","","https://www.scopus.com/inward/record.uri?partnerID=HzOxMe3b&scp=85180547399&origin=inward","https://www.scopus.com/inward/citedby.uri?partnerID=HzOxMe3b&scp=85180547399&origin=inward",9,"2025-03-14 11:34:29","Conference Paper","10.1145/3611643.3616256","","https://api.elsevier.com/content/abstract/scopus_id/85180547399",,,146,158,33,16.50,33,1,2,"","",""
31,"Y. Wu","How Effective Are Neural Networks for Fixing Security Vulnerabilities",2023,"ISSTA 2023 - Proceedings of the 32nd ACM SIGSOFT International Symposium on Software Testing and Analysis","","https://www.scopus.com/inward/record.uri?partnerID=HzOxMe3b&scp=85167724736&origin=inward","https://www.scopus.com/inward/citedby.uri?partnerID=HzOxMe3b&scp=85167724736&origin=inward",11,"2025-03-14 11:34:29","Conference Paper","10.1145/3597926.3598135","","https://api.elsevier.com/content/abstract/scopus_id/85167724736",,,1282,1294,31,15.50,31,1,2,"","",""
28,"K. Huang","An Empirical Study on Fine-Tuning Large Language Models of Code for Automated Program Repair",2023,"Proceedings - 2023 38th IEEE/ACM International Conference on Automated Software Engineering, ASE 2023","","https://www.scopus.com/inward/record.uri?partnerID=HzOxMe3b&scp=85178999974&origin=inward","https://www.scopus.com/inward/citedby.uri?partnerID=HzOxMe3b&scp=85178999974&origin=inward",12,"2025-03-14 11:34:29","Conference Paper","10.1109/ASE56229.2023.00181","","https://api.elsevier.com/content/abstract/scopus_id/85178999974",,,1162,1174,28,14.00,28,1,2,"","",""
41,"B. Lin","Context-Aware Code Change Embedding for Better Patch Correctness Assessment",2022,"ACM Transactions on Software Engineering and Methodology","","https://www.scopus.com/inward/record.uri?partnerID=HzOxMe3b&scp=85130752121&origin=inward","https://www.scopus.com/inward/citedby.uri?partnerID=HzOxMe3b&scp=85130752121&origin=inward",7,"2025-03-14 11:34:29","Article","10.1145/3505247","1049-331X","https://api.elsevier.com/content/abstract/scopus_id/85130752121",31,3,,,41,13.67,41,1,3,"","",""
39,"X. Meng","Improving Fault Localization and Program Repair with Deep Semantic Features and Transferred Knowledge",2022,"Proceedings - International Conference on Software Engineering","","https://www.scopus.com/inward/record.uri?partnerID=HzOxMe3b&scp=85133551961&origin=inward","https://www.scopus.com/inward/citedby.uri?partnerID=HzOxMe3b&scp=85133551961&origin=inward",8,"2025-03-14 11:34:29","Conference Paper","10.1145/3510003.3510147","0270-5257","https://api.elsevier.com/content/abstract/scopus_id/85133551961",2022,,1169,1180,39,13.00,39,1,3,"","",""
33,"Y. Noller","Trust Enhancement Issues in Program Repair",2022,"Proceedings - International Conference on Software Engineering","","https://www.scopus.com/inward/record.uri?partnerID=HzOxMe3b&scp=85128307551&origin=inward","https://www.scopus.com/inward/citedby.uri?partnerID=HzOxMe3b&scp=85128307551&origin=inward",10,"2025-03-14 11:34:29","Conference Paper","10.1145/3510003.3510040","0270-5257","https://api.elsevier.com/content/abstract/scopus_id/85128307551",2022,,2228,2240,33,11.00,33,1,3,"","",""
20,"Q. Zhang","A Survey of Learning-based Automated Program Repair",2023,"ACM Transactions on Software Engineering and Methodology","","https://www.scopus.com/inward/record.uri?partnerID=HzOxMe3b&scp=85181511778&origin=inward","https://www.scopus.com/inward/citedby.uri?partnerID=HzOxMe3b&scp=85181511778&origin=inward",15,"2025-03-14 11:34:29","Article","10.1145/3631974","1049-331X","https://api.elsevier.com/content/abstract/scopus_id/85181511778",33,2,,,20,10.00,20,1,2,"","",""
18,"Q. Zhang","Gamma: Revisiting Template-Based Automated Program Repair Via Mask Prediction",2023,"Proceedings - 2023 38th IEEE/ACM International Conference on Automated Software Engineering, ASE 2023","","https://www.scopus.com/inward/record.uri?partnerID=HzOxMe3b&scp=85170505302&origin=inward","https://www.scopus.com/inward/citedby.uri?partnerID=HzOxMe3b&scp=85170505302&origin=inward",16,"2025-03-14 11:34:29","Conference Paper","10.1109/ASE56229.2023.00063","","https://api.elsevier.com/content/abstract/scopus_id/85170505302",,,535,547,18,9.00,18,1,2,"","",""
15,"H. Tian","The Best of Both Worlds: Combining Learned Embeddings with Engineered Features for Accurate Prediction of Correct Patches",2023,"ACM Transactions on Software Engineering and Methodology","","https://www.scopus.com/inward/record.uri?partnerID=HzOxMe3b&scp=85164237362&origin=inward","https://www.scopus.com/inward/citedby.uri?partnerID=HzOxMe3b&scp=85164237362&origin=inward",17,"2025-03-14 11:34:29","Article","10.1145/3576039","1049-331X","https://api.elsevier.com/content/abstract/scopus_id/85164237362",32,4,,,15,7.50,15,1,2,"","",""
15,"N. Jiang","KNOD: Domain Knowledge Distilled Tree Decoder for Automated Program Repair",2023,"Proceedings - International Conference on Software Engineering","","https://www.scopus.com/inward/record.uri?partnerID=HzOxMe3b&scp=85159881662&origin=inward","https://www.scopus.com/inward/citedby.uri?partnerID=HzOxMe3b&scp=85159881662&origin=inward",18,"2025-03-14 11:34:29","Conference Paper","10.1109/ICSE48619.2023.00111","0270-5257","https://api.elsevier.com/content/abstract/scopus_id/85159881662",,,1251,1263,15,7.50,15,1,2,"","",""
21,"M. Lajko","Towards JavaScript program repair with Generative Pre-trained Transformer (GPT-2)",2022,"Proceedings - International Workshop on Automated Program Repair, APR 2022","","https://www.scopus.com/inward/record.uri?partnerID=HzOxMe3b&scp=85135154121&origin=inward","https://www.scopus.com/inward/citedby.uri?partnerID=HzOxMe3b&scp=85135154121&origin=inward",13,"2025-03-14 11:34:29","Conference Paper","10.1145/3524459.3527350","","https://api.elsevier.com/content/abstract/scopus_id/85135154121",,,61,68,21,7.00,21,1,3,"","",""
21,"H. Tian","Predicting Patch Correctness Based on the Similarity of Failing Test Cases",2022,"ACM Transactions on Software Engineering and Methodology","","https://www.scopus.com/inward/record.uri?partnerID=HzOxMe3b&scp=85133510958&origin=inward","https://www.scopus.com/inward/citedby.uri?partnerID=HzOxMe3b&scp=85133510958&origin=inward",14,"2025-03-14 11:34:29","Article","10.1145/3511096","1049-331X","https://api.elsevier.com/content/abstract/scopus_id/85133510958",31,4,,,21,7.00,21,1,3,"","",""
14,"X. Meng","Template-based Neural Program Repair",2023,"Proceedings - International Conference on Software Engineering","","https://www.scopus.com/inward/record.uri?partnerID=HzOxMe3b&scp=85171735232&origin=inward","https://www.scopus.com/inward/citedby.uri?partnerID=HzOxMe3b&scp=85171735232&origin=inward",19,"2025-03-14 11:34:29","Conference Paper","10.1109/ICSE48619.2023.00127","0270-5257","https://api.elsevier.com/content/abstract/scopus_id/85171735232",,,1456,1468,14,7.00,14,1,2,"","",""
7,"J. Zhang","PyDex: Repairing Bugs in Introductory Python Assignments using LLMs",2024,"Proceedings of the ACM on Programming Languages","","https://www.scopus.com/inward/record.uri?partnerID=HzOxMe3b&scp=85195798173&origin=inward","https://www.scopus.com/inward/citedby.uri?partnerID=HzOxMe3b&scp=85195798173&origin=inward",31,"2025-03-14 11:34:29","Article","10.1145/3649850","2475-1421","https://api.elsevier.com/content/abstract/scopus_id/85195798173",8,,,,7,7.00,7,1,1,"","",""
12,"Q. Zhu","Tare: Type-Aware Neural Program Repair",2023,"Proceedings - International Conference on Software Engineering","","https://www.scopus.com/inward/record.uri?partnerID=HzOxMe3b&scp=85171745179&origin=inward","https://www.scopus.com/inward/citedby.uri?partnerID=HzOxMe3b&scp=85171745179&origin=inward",21,"2025-03-14 11:34:29","Conference Paper","10.1109/ICSE48619.2023.00126","0270-5257","https://api.elsevier.com/content/abstract/scopus_id/85171745179",,,1443,1455,12,6.00,12,1,2,"","",""
14,"D. Li","Improving Search-Based Automatic Program Repair With Neural Machine Translation",2022,"IEEE Access","","https://www.scopus.com/inward/record.uri?partnerID=HzOxMe3b&scp=85127772890&origin=inward","https://www.scopus.com/inward/citedby.uri?partnerID=HzOxMe3b&scp=85127772890&origin=inward",20,"2025-03-14 11:34:29","Article","10.1109/ACCESS.2022.3164780","2169-3536","https://api.elsevier.com/content/abstract/scopus_id/85127772890",10,,51167,51175,14,4.67,14,1,3,"","",""
9,"C.S. Xia","The Plastic Surgery Hypothesis in the Era of Large Language Models",2023,"Proceedings - 2023 38th IEEE/ACM International Conference on Automated Software Engineering, ASE 2023","","https://www.scopus.com/inward/record.uri?partnerID=HzOxMe3b&scp=85179011197&origin=inward","https://www.scopus.com/inward/citedby.uri?partnerID=HzOxMe3b&scp=85179011197&origin=inward",24,"2025-03-14 11:34:29","Conference Paper","10.1109/ASE56229.2023.00047","","https://api.elsevier.com/content/abstract/scopus_id/85179011197",,,522,534,9,4.50,9,1,2,"","",""
8,"A. Salahirad","Mapping the structure and evolution of software testing research over the past three decades",2023,"Journal of Systems and Software","","https://api.elsevier.com/content/article/eid/1-s2.0-S0164121222001947","https://www.scopus.com/inward/citedby.uri?partnerID=HzOxMe3b&scp=85139315300&origin=inward",28,"2025-03-14 11:34:29","Article","10.1016/j.jss.2022.111518","0164-1212","https://api.elsevier.com/content/abstract/scopus_id/85139315300",195,,,,8,4.00,8,1,2,"","",""
4,"Q. Zhang","APPT: Boosting Automated Patch Correctness Prediction via Fine-Tuning Pre-Trained Models",2024,"IEEE Transactions on Software Engineering","","https://www.scopus.com/inward/record.uri?partnerID=HzOxMe3b&scp=85182923361&origin=inward","https://www.scopus.com/inward/citedby.uri?partnerID=HzOxMe3b&scp=85182923361&origin=inward",41,"2025-03-14 11:34:29","Article","10.1109/TSE.2024.3354969","0098-5589","https://api.elsevier.com/content/abstract/scopus_id/85182923361",50,3,474,494,4,4.00,4,1,1,"","",""
11,"V. Csuvik","FixJS: A Dataset of Bug-fixing JavaScript Commits",2022,"Proceedings - 2022 Mining Software Repositories Conference, MSR 2022","","https://www.scopus.com/inward/record.uri?partnerID=HzOxMe3b&scp=85134029098&origin=inward","https://www.scopus.com/inward/citedby.uri?partnerID=HzOxMe3b&scp=85134029098&origin=inward",22,"2025-03-14 11:34:29","Conference Paper","10.1145/3524842.3528480","","https://api.elsevier.com/content/abstract/scopus_id/85134029098",,,712,716,11,3.67,11,1,3,"","",""
11,"R. Widyasari","XAI4FL: Enhancing Spectrum-Based Fault Localization with Explainable Artificial Intelligence",2022,"IEEE International Conference on Program Comprehension","","https://www.scopus.com/inward/record.uri?partnerID=HzOxMe3b&scp=85133181712&origin=inward","https://www.scopus.com/inward/citedby.uri?partnerID=HzOxMe3b&scp=85133181712&origin=inward",23,"2025-03-14 11:34:29","Conference Paper","10.1145/3524610.3527902","","https://api.elsevier.com/content/abstract/scopus_id/85133181712",2022,,499,510,11,3.67,11,1,3,"","",""
7,"N. Parasaram","Rete: Learning Namespace Representation for Program Repair",2023,"Proceedings - International Conference on Software Engineering","","https://www.scopus.com/inward/record.uri?partnerID=HzOxMe3b&scp=85166957497&origin=inward","https://www.scopus.com/inward/citedby.uri?partnerID=HzOxMe3b&scp=85166957497&origin=inward",32,"2025-03-14 11:34:29","Conference Paper","10.1109/ICSE48619.2023.00112","0270-5257","https://api.elsevier.com/content/abstract/scopus_id/85166957497",,,1264,1276,7,3.50,7,1,2,"","",""
9,"M. Kim","An empirical study of deep transfer learning-based program repair for Kotlin projects",2022,"ESEC/FSE 2022 - Proceedings of the 30th ACM Joint Meeting European Software Engineering Conference and Symposium on the Foundations of Software Engineering","","https://www.scopus.com/inward/record.uri?partnerID=HzOxMe3b&scp=85143077577&origin=inward","https://www.scopus.com/inward/citedby.uri?partnerID=HzOxMe3b&scp=85143077577&origin=inward",25,"2025-03-14 11:34:29","Conference Paper","10.1145/3540250.3558967","","https://api.elsevier.com/content/abstract/scopus_id/85143077577",,,1441,1452,9,3.00,9,1,3,"","",""
3,"B. Lin","One Size Does Not Fit All: Multi-granularity Patch Generation for Better Automated Program Repair",2024,"ISSTA 2024 - Proceedings of the 33rd ACM SIGSOFT International Symposium on Software Testing and Analysis","","https://www.scopus.com/inward/record.uri?partnerID=HzOxMe3b&scp=85205532694&origin=inward","https://www.scopus.com/inward/citedby.uri?partnerID=HzOxMe3b&scp=85205532694&origin=inward",44,"2025-03-14 11:34:29","Conference Paper","10.1145/3650212.3680381","","https://api.elsevier.com/content/abstract/scopus_id/85205532694",,,1554,1566,3,3.00,3,1,1,"","",""
3,"L. Plein","Automatic Generation of Test Cases based on Bug Reports: A Feasibility Study with Large Language Models",2024,"Proceedings - International Conference on Software Engineering","","https://www.scopus.com/inward/record.uri?partnerID=HzOxMe3b&scp=85194888172&origin=inward","https://www.scopus.com/inward/citedby.uri?partnerID=HzOxMe3b&scp=85194888172&origin=inward",45,"2025-03-14 11:34:29","Conference Paper","10.1145/3639478.3643119","0270-5257","https://api.elsevier.com/content/abstract/scopus_id/85194888172",,,360,361,3,3.00,3,1,1,"","",""
3,"A. Zirak","Improving Automated Program Repair with Domain Adaptation",2024,"ACM Transactions on Software Engineering and Methodology","","https://www.scopus.com/inward/record.uri?partnerID=HzOxMe3b&scp=85191753874&origin=inward","https://www.scopus.com/inward/citedby.uri?partnerID=HzOxMe3b&scp=85191753874&origin=inward",46,"2025-03-14 11:34:29","Article","10.1145/3631972","1049-331X","https://api.elsevier.com/content/abstract/scopus_id/85191753874",33,3,,,3,3.00,3,1,1,"","",""
3,"N. Sukur","Automated program improvement with reinforcement learning and graph neural networks",2024,"Soft Computing","","https://www.scopus.com/inward/record.uri?partnerID=HzOxMe3b&scp=85160861647&origin=inward","https://www.scopus.com/inward/citedby.uri?partnerID=HzOxMe3b&scp=85160861647&origin=inward",48,"2025-03-14 11:34:29","Article","10.1007/s00500-023-08559-1","1432-7643","https://api.elsevier.com/content/abstract/scopus_id/85160861647",28,3,2593,2604,3,3.00,3,1,1,"","",""
8,"H. Tian","Is this Change the Answer to that Problem?: Correlating Descriptions of Bug and Code Changes for Evaluating Patch",2022,"ACM International Conference Proceeding Series","","https://www.scopus.com/inward/record.uri?partnerID=HzOxMe3b&scp=85146339211&origin=inward","https://www.scopus.com/inward/citedby.uri?partnerID=HzOxMe3b&scp=85146339211&origin=inward",26,"2025-03-14 11:34:29","Conference Paper","10.1145/3551349.3556914","","https://api.elsevier.com/content/abstract/scopus_id/85146339211",,,,,8,2.67,8,1,3,"","",""
8,"P. Orvalho","MultIPAs: applying program transformations to introductory programming assignments for data augmentation",2022,"ESEC/FSE 2022 - Proceedings of the 30th ACM Joint Meeting European Software Engineering Conference and Symposium on the Foundations of Software Engineering","","https://www.scopus.com/inward/record.uri?partnerID=HzOxMe3b&scp=85143056373&origin=inward","https://www.scopus.com/inward/citedby.uri?partnerID=HzOxMe3b&scp=85143056373&origin=inward",27,"2025-03-14 11:34:29","Conference Paper","10.1145/3540250.3558931","","https://api.elsevier.com/content/abstract/scopus_id/85143056373",,,1657,1661,8,2.67,8,1,3,"","",""
8,"M. Lajkó","Fine-Tuning GPT-2 to Patch Programs, Is It Worth It?",2022,"Lecture Notes in Computer Science (including subseries Lecture Notes in Artificial Intelligence and Lecture Notes in Bioinformatics)","","https://www.scopus.com/inward/record.uri?partnerID=HzOxMe3b&scp=85135962110&origin=inward","https://www.scopus.com/inward/citedby.uri?partnerID=HzOxMe3b&scp=85135962110&origin=inward",29,"2025-03-14 11:34:29","Conference Paper","10.1007/978-3-031-10542-5_6","0302-9743","https://api.elsevier.com/content/abstract/scopus_id/85135962110",13380,,79,91,8,2.67,8,1,3,"","",""
8,"S. Benton","Evaluating and Improving Unified Debugging",2022,"IEEE Transactions on Software Engineering","","https://www.scopus.com/inward/record.uri?partnerID=HzOxMe3b&scp=85118643672&origin=inward","https://www.scopus.com/inward/citedby.uri?partnerID=HzOxMe3b&scp=85118643672&origin=inward",30,"2025-03-14 11:34:29","Article","10.1109/TSE.2021.3125203","0098-5589","https://api.elsevier.com/content/abstract/scopus_id/85118643672",48,11,4692,4716,8,2.67,8,1,3,"","",""
5,"J. Yang","A Large-Scale Empirical Review of Patch Correctness Checking Approaches",2023,"ESEC/FSE 2023 - Proceedings of the 31st ACM Joint Meeting European Software Engineering Conference and Symposium on the Foundations of Software Engineering","","https://www.scopus.com/inward/record.uri?partnerID=HzOxMe3b&scp=85180548097&origin=inward","https://www.scopus.com/inward/citedby.uri?partnerID=HzOxMe3b&scp=85180548097&origin=inward",37,"2025-03-14 11:34:29","Conference Paper","10.1145/3611643.3616331","","https://api.elsevier.com/content/abstract/scopus_id/85180548097",,,1203,1215,5,2.50,5,1,2,"","",""
5,"G. Weng","Automatic Bug Fixing via Deliberate Problem Solving with Large Language Models",2023,"Proceedings - 2023 IEEE 34th International Symposium on Software Reliability Engineering Workshop, ISSREW 2023","","https://www.scopus.com/inward/record.uri?partnerID=HzOxMe3b&scp=85178503104&origin=inward","https://www.scopus.com/inward/citedby.uri?partnerID=HzOxMe3b&scp=85178503104&origin=inward",38,"2025-03-14 11:34:29","Conference Paper","10.1109/ISSREW60843.2023.00040","","https://api.elsevier.com/content/abstract/scopus_id/85178503104",,,34,36,5,2.50,5,1,2,"","",""
7,"W. Zhong","Neural Program Repair : Systems, Challenges and Solutions",2022,"ACM International Conference Proceeding Series","","https://www.scopus.com/inward/record.uri?partnerID=HzOxMe3b&scp=85139559330&origin=inward","https://www.scopus.com/inward/citedby.uri?partnerID=HzOxMe3b&scp=85139559330&origin=inward",33,"2025-03-14 11:34:29","Conference Paper","10.1145/3545258.3545268","","https://api.elsevier.com/content/abstract/scopus_id/85139559330",,,96,106,7,2.33,7,1,3,"","",""
7,"W. Baker","Detect, Fix, and Verify TensorFlow API Misuses",2022,"Proceedings - 2022 IEEE International Conference on Software Analysis, Evolution and Reengineering, SANER 2022","","https://www.scopus.com/inward/record.uri?partnerID=HzOxMe3b&scp=85134027933&origin=inward","https://www.scopus.com/inward/citedby.uri?partnerID=HzOxMe3b&scp=85134027933&origin=inward",34,"2025-03-14 11:34:29","Conference Paper","10.1109/SANER53432.2022.00110","","https://api.elsevier.com/content/abstract/scopus_id/85134027933",,,925,929,7,2.33,7,1,3,"","",""
6,"D. Yan","CREX: Predicting patch correctness in automated repair of C programs through transfer learning of execution semantics",2022,"Information and Software Technology","","https://api.elsevier.com/content/article/eid/1-s2.0-S0950584922001562","https://www.scopus.com/inward/citedby.uri?partnerID=HzOxMe3b&scp=85136634004&origin=inward",35,"2025-03-14 11:34:29","Article","10.1016/j.infsof.2022.107043","0950-5849","https://api.elsevier.com/content/abstract/scopus_id/85136634004",152,,,,6,2.00,6,1,3,"","",""
6,"Q.N. Phung","Identifying Incorrect Patches in Program Repair Based on Meaning of Source Code",2022,"IEEE Access","","https://www.scopus.com/inward/record.uri?partnerID=HzOxMe3b&scp=85123718762&origin=inward","https://www.scopus.com/inward/citedby.uri?partnerID=HzOxMe3b&scp=85123718762&origin=inward",36,"2025-03-14 11:34:29","Article","10.1109/ACCESS.2022.3145983","2169-3536","https://api.elsevier.com/content/abstract/scopus_id/85123718762",10,,12012,12030,6,2.00,6,1,3,"","",""
4,"L. Chen","Program Repair With Repeated Learning",2023,"IEEE Transactions on Software Engineering","","https://www.scopus.com/inward/record.uri?partnerID=HzOxMe3b&scp=85127811952&origin=inward","https://www.scopus.com/inward/citedby.uri?partnerID=HzOxMe3b&scp=85127811952&origin=inward",43,"2025-03-14 11:34:29","Article","10.1109/TSE.2022.3164662","0098-5589","https://api.elsevier.com/content/abstract/scopus_id/85127811952",49,2,831,848,4,2.00,4,1,2,"","",""
2,"Y. Zhao","RePair: Automated Program Repair with Process-based Feedback",2024,"Proceedings of the Annual Meeting of the Association for Computational Linguistics","","https://www.scopus.com/inward/record.uri?partnerID=HzOxMe3b&scp=85205314269&origin=inward","https://www.scopus.com/inward/citedby.uri?partnerID=HzOxMe3b&scp=85205314269&origin=inward",51,"2025-03-14 11:34:29","Conference Paper","10.18653/v1/2024.findings-acl.973","0736-587X","https://api.elsevier.com/content/abstract/scopus_id/85205314269",,,16415,16429,2,2.00,2,1,1,"","",""
2,"X. Wang","MTL-TRANSFER: Leveraging Multi-task Learning and Transferred Knowledge for Improving Fault Localization and Program Repair",2024,"ACM Transactions on Software Engineering and Methodology","","https://www.scopus.com/inward/record.uri?partnerID=HzOxMe3b&scp=85198729306&origin=inward","https://www.scopus.com/inward/citedby.uri?partnerID=HzOxMe3b&scp=85198729306&origin=inward",52,"2025-03-14 11:34:29","Article","10.1145/3654441","1049-331X","https://api.elsevier.com/content/abstract/scopus_id/85198729306",33,6,,,2,2.00,2,1,1,"","",""
2,"L. Zhang","Evaluating Large Language Models for Real-World Vulnerability Repair in C/C++ Code",2024,"IWSPA 2024 - Proceedings of the 10th ACM International Workshop on Security and Privacy Analytics","","https://www.scopus.com/inward/record.uri?partnerID=HzOxMe3b&scp=85197506324&origin=inward","https://www.scopus.com/inward/citedby.uri?partnerID=HzOxMe3b&scp=85197506324&origin=inward",53,"2025-03-14 11:34:29","Conference Paper","10.1145/3643651.3659892","","https://api.elsevier.com/content/abstract/scopus_id/85197506324",,,49,58,2,2.00,2,1,1,"","",""
2,"Y.W. Chow","PyTy: Repairing Static Type Errors in Python",2024,"Proceedings - International Conference on Software Engineering","","https://www.scopus.com/inward/record.uri?partnerID=HzOxMe3b&scp=85195204728&origin=inward","https://www.scopus.com/inward/citedby.uri?partnerID=HzOxMe3b&scp=85195204728&origin=inward",54,"2025-03-14 11:34:29","Conference Paper","10.1145/3597503.3639184","0270-5257","https://api.elsevier.com/content/abstract/scopus_id/85195204728",,,1058,1070,2,2.00,2,1,1,"","",""
2,"H. Wan","Automated Program Repair for Introductory Programming Assignments",2024,"IEEE Transactions on Learning Technologies","","https://www.scopus.com/inward/record.uri?partnerID=HzOxMe3b&scp=85194035461&origin=inward","https://www.scopus.com/inward/citedby.uri?partnerID=HzOxMe3b&scp=85194035461&origin=inward",55,"2025-03-14 11:34:29","Article","10.1109/TLT.2024.3403710","1939-1382","https://api.elsevier.com/content/abstract/scopus_id/85194035461",17,,1745,1760,2,2.00,2,1,1,"","",""
2,"J. Li","Tracking the Evolution of Static Code Warnings: The State-of-the-Art and a Better Approach",2024,"IEEE Transactions on Software Engineering","","https://www.scopus.com/inward/record.uri?partnerID=HzOxMe3b&scp=85184013565&origin=inward","https://www.scopus.com/inward/citedby.uri?partnerID=HzOxMe3b&scp=85184013565&origin=inward",57,"2025-03-14 11:34:29","Article","10.1109/TSE.2024.3358283","0098-5589","https://api.elsevier.com/content/abstract/scopus_id/85184013565",50,3,534,550,2,2.00,2,1,1,"","",""
5,"Y. Li","Fault localization to detect co-change fixing locations",2022,"ESEC/FSE 2022 - Proceedings of the 30th ACM Joint Meeting European Software Engineering Conference and Symposium on the Foundations of Software Engineering","","https://www.scopus.com/inward/record.uri?partnerID=HzOxMe3b&scp=85143074662&origin=inward","https://www.scopus.com/inward/citedby.uri?partnerID=HzOxMe3b&scp=85143074662&origin=inward",39,"2025-03-14 11:34:29","Conference Paper","10.1145/3540250.3549137","","https://api.elsevier.com/content/abstract/scopus_id/85143074662",,,659,671,5,1.67,5,1,3,"","",""
5,"A. Connor","Can We Automatically Fix Bugs by Learning Edit Operations?",2022,"Proceedings - 2022 IEEE International Conference on Software Analysis, Evolution and Reengineering, SANER 2022","","https://www.scopus.com/inward/record.uri?partnerID=HzOxMe3b&scp=85135847060&origin=inward","https://www.scopus.com/inward/citedby.uri?partnerID=HzOxMe3b&scp=85135847060&origin=inward",40,"2025-03-14 11:34:29","Conference Paper","10.1109/SANER53432.2022.00096","","https://api.elsevier.com/content/abstract/scopus_id/85135847060",,,782,792,5,1.67,5,1,3,"","",""
4,"G. Sakkas","Seq2Parse: neurosymbolic parse error repair",2022,"Proceedings of the ACM on Programming Languages","","https://www.scopus.com/inward/record.uri?partnerID=HzOxMe3b&scp=85168417285&origin=inward","https://www.scopus.com/inward/citedby.uri?partnerID=HzOxMe3b&scp=85168417285&origin=inward",42,"2025-03-14 11:34:29","Article","10.1145/3563330","2475-1421","https://api.elsevier.com/content/abstract/scopus_id/85168417285",6,,,,4,1.33,4,1,3,"","",""
3,"J. Saravanan","IoT based Advanced Prediction Methodology for Fault Localization in Machine Monitoring",2022,"IET Conference Proceedings","","https://www.scopus.com/inward/record.uri?partnerID=HzOxMe3b&scp=85174643741&origin=inward","https://www.scopus.com/inward/citedby.uri?partnerID=HzOxMe3b&scp=85174643741&origin=inward",47,"2025-03-14 11:34:29","Conference Paper","10.1049/icp.2023.0429","2732-4494","https://api.elsevier.com/content/abstract/scopus_id/85174643741",2022,26,253,257,3,1.00,3,1,3,"","",""
3,"B. Wang","Enhanced Evolutionary Automated Program Repair by Finer-Granularity Ingredients and Better Search Algorithms",2022,"ACM International Conference Proceeding Series","","https://www.scopus.com/inward/record.uri?partnerID=HzOxMe3b&scp=85139566487&origin=inward","https://www.scopus.com/inward/citedby.uri?partnerID=HzOxMe3b&scp=85139566487&origin=inward",49,"2025-03-14 11:34:29","Conference Paper","10.1145/3545258.3545286","","https://api.elsevier.com/content/abstract/scopus_id/85139566487",,,107,116,3,1.00,3,1,3,"","",""
3,"J. Yao","Bug-Transformer: Automated Program Repair Using Attention-Based Deep Neural Network",2022,"Journal of Circuits, Systems and Computers","","https://www.scopus.com/inward/record.uri?partnerID=HzOxMe3b&scp=85135984562&origin=inward","https://www.scopus.com/inward/citedby.uri?partnerID=HzOxMe3b&scp=85135984562&origin=inward",50,"2025-03-14 11:34:29","Article","10.1142/S0218126622502103","0218-1266","https://api.elsevier.com/content/abstract/scopus_id/85135984562",31,12,,,3,1.00,3,1,3,"","",""
2,"W. Ye","FixGPT: A Novel Three-Tier Deep Learning Model for Automated Program Repair",2023,"Proceedings - 2023 8th International Conference on Data Science in Cyberspace, DSC 2023","","https://www.scopus.com/inward/record.uri?partnerID=HzOxMe3b&scp=85184347385&origin=inward","https://www.scopus.com/inward/citedby.uri?partnerID=HzOxMe3b&scp=85184347385&origin=inward",56,"2025-03-14 11:34:29","Conference Paper","10.1109/DSC59305.2023.00078","","https://api.elsevier.com/content/abstract/scopus_id/85184347385",,,499,505,2,1.00,2,1,2,"","",""
2,"T.D. Viet","Using Large Language Models for Bug Localization and Fixing",2023,"Proceedings of 2023 12th International Conference on Awareness Science and Technology, iCAST 2023","","https://www.scopus.com/inward/record.uri?partnerID=HzOxMe3b&scp=85182737407&origin=inward","https://www.scopus.com/inward/citedby.uri?partnerID=HzOxMe3b&scp=85182737407&origin=inward",58,"2025-03-14 11:34:29","Conference Paper","10.1109/iCAST57874.2023.10359304","","https://api.elsevier.com/content/abstract/scopus_id/85182737407",,,192,197,2,1.00,2,1,2,"","",""
2,"S. Hao","Enhancing Code Language Models for Program Repair by Curricular Fine-tuning Framework",2023,"Proceedings - 2023 IEEE International Conference on Software Maintenance and Evolution, ICSME 2023","","https://www.scopus.com/inward/record.uri?partnerID=HzOxMe3b&scp=85181541969&origin=inward","https://www.scopus.com/inward/citedby.uri?partnerID=HzOxMe3b&scp=85181541969&origin=inward",59,"2025-03-14 11:34:29","Conference Paper","10.1109/ICSME58846.2023.00024","","https://api.elsevier.com/content/abstract/scopus_id/85181541969",,,136,146,2,1.00,2,1,2,"","",""
2,"S. Sun","Exploring Security Commits in Python",2023,"Proceedings - 2023 IEEE International Conference on Software Maintenance and Evolution, ICSME 2023","","https://www.scopus.com/inward/record.uri?partnerID=HzOxMe3b&scp=85181539627&origin=inward","https://www.scopus.com/inward/citedby.uri?partnerID=HzOxMe3b&scp=85181539627&origin=inward",60,"2025-03-14 11:34:29","Conference Paper","10.1109/ICSME58846.2023.00027","","https://api.elsevier.com/content/abstract/scopus_id/85181539627",,,171,181,2,1.00,2,1,2,"","",""
2,"C. Wang","REEF: A Framework for Collecting Real-World Vulnerabilities and Fixes",2023,"Proceedings - 2023 38th IEEE/ACM International Conference on Automated Software Engineering, ASE 2023","","https://www.scopus.com/inward/record.uri?partnerID=HzOxMe3b&scp=85179006869&origin=inward","https://www.scopus.com/inward/citedby.uri?partnerID=HzOxMe3b&scp=85179006869&origin=inward",61,"2025-03-14 11:34:29","Conference Paper","10.1109/ASE56229.2023.00199","","https://api.elsevier.com/content/abstract/scopus_id/85179006869",,,1952,1962,2,1.00,2,1,2,"","",""
2,"D. Horvath","An Extensive Study on Model Architecture and Program Representation in the Domain of Learning-based Automated Program Repair",2023,"Proceedings - 2023 IEEE/ACM International Workshop on Automated Program Repair, APR 2023","","https://www.scopus.com/inward/record.uri?partnerID=HzOxMe3b&scp=85168418037&origin=inward","https://www.scopus.com/inward/citedby.uri?partnerID=HzOxMe3b&scp=85168418037&origin=inward",62,"2025-03-14 11:34:29","Conference Paper","10.1109/APR59189.2023.00013","","https://api.elsevier.com/content/abstract/scopus_id/85168418037",,,31,38,2,1.00,2,1,2,"","",""
2,"J. Kim","MCRepair: Multi-Chunk Program Repair via Patch Optimization with Buggy Block",2023,"Proceedings of the ACM Symposium on Applied Computing","","https://www.scopus.com/inward/record.uri?partnerID=HzOxMe3b&scp=85162923436&origin=inward","https://www.scopus.com/inward/citedby.uri?partnerID=HzOxMe3b&scp=85162923436&origin=inward",63,"2025-03-14 11:34:29","Conference Paper","10.1145/3555776.3577762","","https://api.elsevier.com/content/abstract/scopus_id/85162923436",,,1508,1515,2,1.00,2,1,2,"","",""
1,"K. Huang","Evolving Paradigms in Automated Program Repair: Taxonomy, Challenges, and Opportunities",2024,"ACM Computing Surveys","","https://www.scopus.com/inward/record.uri?partnerID=HzOxMe3b&scp=85210310563&origin=inward","https://www.scopus.com/inward/citedby.uri?partnerID=HzOxMe3b&scp=85210310563&origin=inward",66,"2025-03-14 11:34:29","Article","10.1145/3696450","0360-0300","https://api.elsevier.com/content/abstract/scopus_id/85210310563",57,2,,,1,1.00,1,1,1,"","",""
1,"X. Yin","ThinkRepair: Self-Directed Automated Program Repair",2024,"ISSTA 2024 - Proceedings of the 33rd ACM SIGSOFT International Symposium on Software Testing and Analysis","","https://www.scopus.com/inward/record.uri?partnerID=HzOxMe3b&scp=85205545435&origin=inward","https://www.scopus.com/inward/citedby.uri?partnerID=HzOxMe3b&scp=85205545435&origin=inward",67,"2025-03-14 11:34:29","Conference Paper","10.1145/3650212.3680359","","https://api.elsevier.com/content/abstract/scopus_id/85205545435",,,1274,1286,1,1.00,1,1,1,"","",""
1,"M. Lajko","Automated Program Repair with the GPT Family, Including GPT-2, GPT-3 and CodeX",2024,"Proceedings - 2024 ACM/IEEE International Workshop on Automated Program Repair, APR 2024","","https://www.scopus.com/inward/record.uri?partnerID=HzOxMe3b&scp=85204459279&origin=inward","https://www.scopus.com/inward/citedby.uri?partnerID=HzOxMe3b&scp=85204459279&origin=inward",68,"2025-03-14 11:34:29","Conference Paper","10.1145/3643788.3648021","","https://api.elsevier.com/content/abstract/scopus_id/85204459279",,,34,41,1,1.00,1,1,1,"","",""
1,"D. Horváth","Yet Another Miner Utility Unveiling a Dataset: CodeGrain",2024,"Proceedings of the 13th International Conference on Data Science, Technology and Applications, DATA 2024","","https://www.scopus.com/inward/record.uri?partnerID=HzOxMe3b&scp=85203053893&origin=inward","https://www.scopus.com/inward/citedby.uri?partnerID=HzOxMe3b&scp=85203053893&origin=inward",69,"2025-03-14 11:34:29","Conference Paper","10.5220/0012760100003756","","https://api.elsevier.com/content/abstract/scopus_id/85203053893",,,338,345,1,1.00,1,1,1,"","",""
1,"Q.Y. Li","Empirical Study on Data Leakage Problem in Neural Program Repair",2024,"Ruan Jian Xue Bao/Journal of Software","","https://www.scopus.com/inward/record.uri?partnerID=HzOxMe3b&scp=85198003096&origin=inward","https://www.scopus.com/inward/citedby.uri?partnerID=HzOxMe3b&scp=85198003096&origin=inward",70,"2025-03-14 11:34:29","Article","10.13328/j.cnki.jos.007110","1000-9825","https://api.elsevier.com/content/abstract/scopus_id/85198003096",35,7,3071,3092,1,1.00,1,1,1,"","",""
1,"J.A. Prenner","Out of Context: How Important is Local Context in Neural Program Repair?",2024,"Proceedings - International Conference on Software Engineering","","https://www.scopus.com/inward/record.uri?partnerID=HzOxMe3b&scp=85191964174&origin=inward","https://www.scopus.com/inward/citedby.uri?partnerID=HzOxMe3b&scp=85191964174&origin=inward",71,"2025-03-14 11:34:29","Conference Paper","10.1145/3597503.3639086","0270-5257","https://api.elsevier.com/content/abstract/scopus_id/85191964174",,,1008,1020,1,1.00,1,1,1,"","",""
1,"J.A. del-Hoyo-Gabaldon","Automatic dataset generation for automated program repair of bugs and vulnerabilities through SonarQube",2024,"SoftwareX","","https://api.elsevier.com/content/article/eid/1-s2.0-S2352711024000359","https://www.scopus.com/inward/citedby.uri?partnerID=HzOxMe3b&scp=85185720307&origin=inward",72,"2025-03-14 11:34:29","Article","10.1016/j.softx.2024.101664","2352-7110","https://api.elsevier.com/content/abstract/scopus_id/85185720307",26,,,,1,1.00,1,1,1,"","",""
1,"S. Moosavi","Doctor Code: A machine learning-based approach to program repair",2024,"Scientia Iranica","","https://www.scopus.com/inward/record.uri?partnerID=HzOxMe3b&scp=85185534679&origin=inward","https://www.scopus.com/inward/citedby.uri?partnerID=HzOxMe3b&scp=85185534679&origin=inward",73,"2025-03-14 11:34:29","Article","10.24200/sci.2023.54718.3884","1026-3098","https://api.elsevier.com/content/abstract/scopus_id/85185534679",31,2,83,102,1,1.00,1,1,1,"","",""
1,"B. Wang","Enhanced evolutionary automated program repair by finer-granularity ingredients and better search algorithms",2024,"Journal of Software: Evolution and Process","","https://www.scopus.com/inward/record.uri?partnerID=HzOxMe3b&scp=85173942496&origin=inward","https://www.scopus.com/inward/citedby.uri?partnerID=HzOxMe3b&scp=85173942496&origin=inward",75,"2025-03-14 11:34:29","Article","10.1002/smr.2624","2047-7481","https://api.elsevier.com/content/abstract/scopus_id/85173942496",36,6,,,1,1.00,1,1,1,"","",""
2,"J. Zhang","Fair Decision Making via Automated Repair of Decision Trees",2022,"Proceedings - International Workshop on Equitable Data and Technology, FairWare 2022","","https://www.scopus.com/inward/record.uri?partnerID=HzOxMe3b&scp=85137639435&origin=inward","https://www.scopus.com/inward/citedby.uri?partnerID=HzOxMe3b&scp=85137639435&origin=inward",64,"2025-03-14 11:34:29","Conference Paper","10.1145/3524491.3527306","","https://api.elsevier.com/content/abstract/scopus_id/85137639435",,,9,16,2,0.67,2,1,3,"","",""
2,"D. Wu","Automatically repairing tensor shape faults in deep learning programs",2022,"Information and Software Technology","","https://api.elsevier.com/content/article/eid/1-s2.0-S0950584922001471","https://www.scopus.com/inward/citedby.uri?partnerID=HzOxMe3b&scp=85135707262&origin=inward",65,"2025-03-14 11:34:29","Article","10.1016/j.infsof.2022.107027","0950-5849","https://api.elsevier.com/content/abstract/scopus_id/85135707262",151,,,,2,0.67,2,1,3,"","",""
1,"J. Renzullo","Evolving Software: Combining Online Learning with Mutation-Based Stochastic Search",2023,"ACM Transactions on Evolutionary Learning and Optimization","","https://www.scopus.com/inward/record.uri?partnerID=HzOxMe3b&scp=85181047159&origin=inward","https://www.scopus.com/inward/citedby.uri?partnerID=HzOxMe3b&scp=85181047159&origin=inward",74,"2025-03-14 11:34:29","Article","10.1145/3597617","2688-299X","https://api.elsevier.com/content/abstract/scopus_id/85181047159",3,4,,,1,0.50,1,1,2,"","",""
1,"F. Ribeiro","Beyond Code Generation: The Need for Type-Aware Language Models",2023,"Proceedings - 2023 IEEE/ACM International Workshop on Automated Program Repair, APR 2023","","https://www.scopus.com/inward/record.uri?partnerID=HzOxMe3b&scp=85168426135&origin=inward","https://www.scopus.com/inward/citedby.uri?partnerID=HzOxMe3b&scp=85168426135&origin=inward",76,"2025-03-14 11:34:29","Conference Paper","10.1109/APR59189.2023.00011","","https://api.elsevier.com/content/abstract/scopus_id/85168426135",,,21,22,1,0.50,1,1,2,"","",""
1,"J. Kim","The Inversive Relationship between Bugs and Patches: An Empirical Study",2023,"Proceedings - 2023 IEEE 16th International Conference on Software Testing, Verification and Validation Workshops, ICSTW 2023","","https://www.scopus.com/inward/record.uri?partnerID=HzOxMe3b&scp=85163088621&origin=inward","https://www.scopus.com/inward/citedby.uri?partnerID=HzOxMe3b&scp=85163088621&origin=inward",77,"2025-03-14 11:34:29","Conference Paper","10.1109/ICSTW58534.2023.00062","","https://api.elsevier.com/content/abstract/scopus_id/85163088621",,,314,323,1,0.50,1,1,2,"","",""
1,"J. Cruz-Carlon","Patching Locking Bugs Statically with Crayons",2023,"ACM Transactions on Software Engineering and Methodology","","https://www.scopus.com/inward/record.uri?partnerID=HzOxMe3b&scp=85162003734&origin=inward","https://www.scopus.com/inward/citedby.uri?partnerID=HzOxMe3b&scp=85162003734&origin=inward",78,"2025-03-14 11:34:29","Article","10.1145/3548684","1049-331X","https://api.elsevier.com/content/abstract/scopus_id/85162003734",32,3,,,1,0.50,1,1,2,"","",""
1,"K. Kim","Systematic Analysis of Defect-Specific Code Abstraction for Neural Program Repair",2022,"Proceedings - Asia-Pacific Software Engineering Conference, APSEC","","https://www.scopus.com/inward/record.uri?partnerID=HzOxMe3b&scp=85149173020&origin=inward","https://www.scopus.com/inward/citedby.uri?partnerID=HzOxMe3b&scp=85149173020&origin=inward",79,"2025-03-14 11:34:29","Conference Paper","10.1109/APSEC57359.2022.00020","1530-1362","https://api.elsevier.com/content/abstract/scopus_id/85149173020",2022,,81,89,1,0.33,1,1,3,"","",""
1,"H. Frenkel","Automated Program Repair Using Formal Verification Techniques",2022,"Lecture Notes in Computer Science (including subseries Lecture Notes in Artificial Intelligence and Lecture Notes in Bioinformatics)","","https://www.scopus.com/inward/record.uri?partnerID=HzOxMe3b&scp=85145653621&origin=inward","https://www.scopus.com/inward/citedby.uri?partnerID=HzOxMe3b&scp=85145653621&origin=inward",80,"2025-03-14 11:34:29","Book Chapter","10.1007/978-3-031-22337-2_25","0302-9743","https://api.elsevier.com/content/abstract/scopus_id/85145653621",13660,,511,534,1,0.33,1,1,3,"","",""
1,"K.H.T. Dam","Automated Repair of Security Errors in C Programs via Statistical Model Checking: A Proof of Concept",2022,"Lecture Notes in Computer Science (including subseries Lecture Notes in Artificial Intelligence and Lecture Notes in Bioinformatics)","","https://www.scopus.com/inward/record.uri?partnerID=HzOxMe3b&scp=85142726991&origin=inward","https://www.scopus.com/inward/citedby.uri?partnerID=HzOxMe3b&scp=85142726991&origin=inward",81,"2025-03-14 11:34:29","Conference Paper","10.1007/978-3-031-19849-6_17","0302-9743","https://api.elsevier.com/content/abstract/scopus_id/85142726991",13701,,279,298,1,0.33,1,1,3,"","",""
1,"J. Wang","Leveraging Causal Inference for Explainable Automatic Program Repair",2022,"Proceedings of the International Joint Conference on Neural Networks","","https://www.scopus.com/inward/record.uri?partnerID=HzOxMe3b&scp=85140766392&origin=inward","https://www.scopus.com/inward/citedby.uri?partnerID=HzOxMe3b&scp=85140766392&origin=inward",82,"2025-03-14 11:34:29","Conference Paper","10.1109/IJCNN55064.2022.9892168","","https://api.elsevier.com/content/abstract/scopus_id/85140766392",2022,,,,1,0.33,1,1,3,"","",""
1,"S. Ji","RepCoder: An Automated Program Repair Framework for Probability-Based Program Synthesis",2022,"Proceedings of the ACM Symposium on Applied Computing","","https://www.scopus.com/inward/record.uri?partnerID=HzOxMe3b&scp=85130310876&origin=inward","https://www.scopus.com/inward/citedby.uri?partnerID=HzOxMe3b&scp=85130310876&origin=inward",83,"2025-03-14 11:34:29","Conference Paper","10.1145/3477314.3507083","","https://api.elsevier.com/content/abstract/scopus_id/85130310876",,,1554,1561,1,0.33,1,1,3,"","",""
0,"M. Leiwig","Analyzing the Potency of Pretrained Transformer Models for Automated Program Repair",2024,"Proceedings of the Euromicro Conference on Software Engineering and Advanced Applications, EUROMICRO-SEAA","","https://www.scopus.com/inward/record.uri?partnerID=HzOxMe3b&scp=85218639578&origin=inward","https://www.scopus.com/inward/citedby.uri?partnerID=HzOxMe3b&scp=85218639578&origin=inward",84,"2025-03-14 11:34:29","Conference Paper","10.1109/SEAA64295.2024.00020","2640-592X","https://api.elsevier.com/content/abstract/scopus_id/85218639578",,2024,72,79,0,0.00,0,1,1,"","",""
0,"J. Kim","Improving Patch Optimization with Buggy Block for Complex Program Repair",2025,"IEEE Access","","https://www.scopus.com/inward/record.uri?partnerID=HzOxMe3b&scp=85217905037&origin=inward","https://www.scopus.com/inward/citedby.uri?partnerID=HzOxMe3b&scp=85217905037&origin=inward",85,"2025-03-14 11:34:29","Article","10.1109/ACCESS.2025.3541336","2169-3536","https://api.elsevier.com/content/abstract/scopus_id/85217905037",13,,30420,30443,0,0.00,0,1,1,"","",""
0,"A. Alhefdhi","Adversarial patch generation for automated program repair",2025,"Software Quality Journal","","https://www.scopus.com/inward/record.uri?partnerID=HzOxMe3b&scp=85217785781&origin=inward","https://www.scopus.com/inward/citedby.uri?partnerID=HzOxMe3b&scp=85217785781&origin=inward",86,"2025-03-14 11:34:29","Article","10.1007/s11219-025-09709-4","0963-9314","https://api.elsevier.com/content/abstract/scopus_id/85217785781",33,1,,,0,0.00,0,1,1,"","",""
0,"X. Li","Learning Based Patch Overfitting Detection: A Survey",2025,"Journal of Internet Technology","","https://www.scopus.com/inward/record.uri?partnerID=HzOxMe3b&scp=85216875768&origin=inward","https://www.scopus.com/inward/citedby.uri?partnerID=HzOxMe3b&scp=85216875768&origin=inward",87,"2025-03-14 11:34:29","Article","10.70003/160792642025012601005","1607-9264","https://api.elsevier.com/content/abstract/scopus_id/85216875768",26,1,53,64,0,0.00,0,1,1,"","",""
0,"L. Zhao","Structuring Semantic-Aware Relations Between Bugs and Patches for Accurate Patch Evaluation",2025,"Journal of Software: Evolution and Process","","https://www.scopus.com/inward/record.uri?partnerID=HzOxMe3b&scp=85216744491&origin=inward","https://www.scopus.com/inward/citedby.uri?partnerID=HzOxMe3b&scp=85216744491&origin=inward",88,"2025-03-14 11:34:29","Article","10.1002/smr.70001","2047-7481","https://api.elsevier.com/content/abstract/scopus_id/85216744491",37,2,,,0,0.00,0,1,1,"","",""
0,"K. Huang","Comprehensive Fine-Tuning Large Language Models of Code for Automated Program Repair",2025,"IEEE Transactions on Software Engineering","","https://www.scopus.com/inward/record.uri?partnerID=HzOxMe3b&scp=85216363264&origin=inward","https://www.scopus.com/inward/citedby.uri?partnerID=HzOxMe3b&scp=85216363264&origin=inward",89,"2025-03-14 11:34:29","Article","10.1109/TSE.2025.3532759","0098-5589","https://api.elsevier.com/content/abstract/scopus_id/85216363264",,,,,0,0.00,0,1,1,"","",""
0,"C.L. Goues","The Evolution of Automated Software Repair",2025,"IEEE Transactions on Software Engineering","","https://www.scopus.com/inward/record.uri?partnerID=HzOxMe3b&scp=85216348157&origin=inward","https://www.scopus.com/inward/citedby.uri?partnerID=HzOxMe3b&scp=85216348157&origin=inward",90,"2025-03-14 11:34:29","Article","10.1109/TSE.2025.3533309","0098-5589","https://api.elsevier.com/content/abstract/scopus_id/85216348157",,,,,0,0.00,0,1,1,"","",""
0,"J. Wang","Ratchet: Retrieval Augmented Transformer for Program Repair",2024,"Proceedings - International Symposium on Software Reliability Engineering, ISSRE","","https://www.scopus.com/inward/record.uri?partnerID=HzOxMe3b&scp=85214564405&origin=inward","https://www.scopus.com/inward/citedby.uri?partnerID=HzOxMe3b&scp=85214564405&origin=inward",91,"2025-03-14 11:34:29","Conference Paper","10.1109/ISSRE62328.2024.00048","1071-9458","https://api.elsevier.com/content/abstract/scopus_id/85214564405",,,427,438,0,0.00,0,1,1,"","",""
0,"S.A. Alsaedi","Leveraging Large Language Models for Automated Bug Fixing",2024,"International Journal of Advanced Computer Science and Applications","","https://www.scopus.com/inward/record.uri?partnerID=HzOxMe3b&scp=85214023217&origin=inward","https://www.scopus.com/inward/citedby.uri?partnerID=HzOxMe3b&scp=85214023217&origin=inward",92,"2025-03-14 11:34:29","Article","10.14569/IJACSA.2024.0151247","2158-107X","https://api.elsevier.com/content/abstract/scopus_id/85214023217",15,12,444,456,0,0.00,0,1,1,"","",""
0,"S. Kang","Explainable automated debugging via large language model-driven scientific debugging",2025,"Empirical Software Engineering","","https://www.scopus.com/inward/record.uri?partnerID=HzOxMe3b&scp=85212585738&origin=inward","https://www.scopus.com/inward/citedby.uri?partnerID=HzOxMe3b&scp=85212585738&origin=inward",93,"2025-03-14 11:34:29","Article","10.1007/s10664-024-10594-x","1382-3256","https://api.elsevier.com/content/abstract/scopus_id/85212585738",30,2,,,0,0.00,0,1,1,"","",""
0,"F. Liu","FastFixer: An Efficient and Effective Approach for Repairing Programming Assignments",2024,"Proceedings - 2024 39th ACM/IEEE International Conference on Automated Software Engineering, ASE 2024","","https://www.scopus.com/inward/record.uri?partnerID=HzOxMe3b&scp=85212409730&origin=inward","https://www.scopus.com/inward/citedby.uri?partnerID=HzOxMe3b&scp=85212409730&origin=inward",94,"2025-03-14 11:34:29","Conference Paper","10.1145/3691620.3695062","","https://api.elsevier.com/content/abstract/scopus_id/85212409730",,,669,680,0,0.00,0,1,1,"","",""
0,"F. Zubair","The use of large language models for program repair",2025,"Computer Standards and Interfaces","","https://api.elsevier.com/content/article/eid/1-s2.0-S092054892400120X","https://www.scopus.com/inward/citedby.uri?partnerID=HzOxMe3b&scp=85210299377&origin=inward",95,"2025-03-14 11:34:29","Review","10.1016/j.csi.2024.103951","0920-5489","https://api.elsevier.com/content/abstract/scopus_id/85210299377",93,,,,0,0.00,0,1,1,"","",""
0,"A.A. Safarovich","An Enhanced Patch Optimization Technique for Multi-Chunk Bugs in Automated Program Repair",2024,"Journal of Information Processing Systems","","https://www.scopus.com/inward/record.uri?partnerID=HzOxMe3b&scp=85208412185&origin=inward","https://www.scopus.com/inward/citedby.uri?partnerID=HzOxMe3b&scp=85208412185&origin=inward",96,"2025-03-14 11:34:29","Article","10.3745/JIPS.04.0320","1976-913X","https://api.elsevier.com/content/abstract/scopus_id/85208412185",20,5,627,639,0,0.00,0,1,1,"","",""
0,"Y. Li","Research on Program Automatic Repair Method Combining Context Optimization Strategy and Large Language Models",2024,"2024 4th International Symposium on Computer Technology and Information Science, ISCTIS 2024","","https://www.scopus.com/inward/record.uri?partnerID=HzOxMe3b&scp=85207222460&origin=inward","https://www.scopus.com/inward/citedby.uri?partnerID=HzOxMe3b&scp=85207222460&origin=inward",97,"2025-03-14 11:34:29","Conference Paper","10.1109/ISCTIS63324.2024.10698980","","https://api.elsevier.com/content/abstract/scopus_id/85207222460",,,26,34,0,0.00,0,1,1,"","",""
0,"Y. Lou","When Automated Program Repair Meets Regression Testing - An Extensive Study on Two Million Patches",2024,"ACM Transactions on Software Engineering and Methodology","","https://www.scopus.com/inward/record.uri?partnerID=HzOxMe3b&scp=85206219383&origin=inward","https://www.scopus.com/inward/citedby.uri?partnerID=HzOxMe3b&scp=85206219383&origin=inward",98,"2025-03-14 11:34:29","Article","10.1145/3672450","1049-331X","https://api.elsevier.com/content/abstract/scopus_id/85206219383",33,7,,,0,0.00,0,1,1,"","",""
0,"L. Plein","Learning the Effects of Software Changes",2024,"ISSTA 2024 - Proceedings of the 33rd ACM SIGSOFT International Symposium on Software Testing and Analysis","","https://www.scopus.com/inward/record.uri?partnerID=HzOxMe3b&scp=85205536017&origin=inward","https://www.scopus.com/inward/citedby.uri?partnerID=HzOxMe3b&scp=85205536017&origin=inward",99,"2025-03-14 11:34:29","Conference Paper","10.1145/3650212.3685550","","https://api.elsevier.com/content/abstract/scopus_id/85205536017",,,1886,1890,0,0.00,0,1,1,"","",""
0,"Y. Ouyang","Benchmarking Automated Program Repair: An Extensive Study on Both Real-World and Artificial Bugs",2024,"ISSTA 2024 - Proceedings of the 33rd ACM SIGSOFT International Symposium on Software Testing and Analysis","","https://www.scopus.com/inward/record.uri?partnerID=HzOxMe3b&scp=85205532630&origin=inward","https://www.scopus.com/inward/citedby.uri?partnerID=HzOxMe3b&scp=85205532630&origin=inward",100,"2025-03-14 11:34:29","Conference Paper","10.1145/3650212.3652140","","https://api.elsevier.com/content/abstract/scopus_id/85205532630",,,440,452,0,0.00,0,1,1,"","",""
0,"X. Tian","Evaluating the Repair Ability of LLM Under Different Prompt Settings",2024,"Proceedings - 2024 IEEE International Conference on Software Services Engineering, SSE 2024","","https://www.scopus.com/inward/record.uri?partnerID=HzOxMe3b&scp=85205529271&origin=inward","https://www.scopus.com/inward/citedby.uri?partnerID=HzOxMe3b&scp=85205529271&origin=inward",101,"2025-03-14 11:34:29","Conference Paper","10.1109/SSE62657.2024.00053","","https://api.elsevier.com/content/abstract/scopus_id/85205529271",,,313,322,0,0.00,0,1,1,"","",""
0,"Y. Zhang","SeTemAPR: Incorporating Semantic Knowledge in Template-based Neural Program Repair",2024,"Proceedings of the International Joint Conference on Neural Networks","","https://www.scopus.com/inward/record.uri?partnerID=HzOxMe3b&scp=85204976231&origin=inward","https://www.scopus.com/inward/citedby.uri?partnerID=HzOxMe3b&scp=85204976231&origin=inward",102,"2025-03-14 11:34:29","Conference Paper","10.1109/IJCNN60899.2024.10650123","","https://api.elsevier.com/content/abstract/scopus_id/85204976231",,,,,0,0.00,0,1,1,"","",""
0,"S. Nielebock","ASAP-Repair: API-Specific Automated Program Repair Based on API Usage Graphs",2024,"Proceedings - 2024 ACM/IEEE International Workshop on Automated Program Repair, APR 2024","","https://www.scopus.com/inward/record.uri?partnerID=HzOxMe3b&scp=85204492780&origin=inward","https://www.scopus.com/inward/citedby.uri?partnerID=HzOxMe3b&scp=85204492780&origin=inward",103,"2025-03-14 11:34:29","Conference Paper","10.1145/3643788.3648011","","https://api.elsevier.com/content/abstract/scopus_id/85204492780",,,1,4,0,0.00,0,1,1,"","",""
0,"X. Zhou","Leveraging Large Language Model for Automatic Patch Correctness Assessment",2024,"IEEE Transactions on Software Engineering","","https://www.scopus.com/inward/record.uri?partnerID=HzOxMe3b&scp=85203550434&origin=inward","https://www.scopus.com/inward/citedby.uri?partnerID=HzOxMe3b&scp=85203550434&origin=inward",104,"2025-03-14 11:34:29","Article","10.1109/TSE.2024.3452252","0098-5589","https://api.elsevier.com/content/abstract/scopus_id/85203550434",50,11,2865,2883,0,0.00,0,1,1,"","",""
0,"J. Renzullo","Combining Online Learning with Mutation-Based Stochastic Search to Repair Buggy Programs",2024,"GECCO 2024 Companion - Proceedings of the 2024 Genetic and Evolutionary Computation Conference Companion","","https://www.scopus.com/inward/record.uri?partnerID=HzOxMe3b&scp=85201950665&origin=inward","https://www.scopus.com/inward/citedby.uri?partnerID=HzOxMe3b&scp=85201950665&origin=inward",105,"2025-03-14 11:34:29","Conference Paper","10.1145/3638530.3664082","","https://api.elsevier.com/content/abstract/scopus_id/85201950665",,,53,54,0,0.00,0,1,1,"","",""
0,"C. Yiheng","NMT vs MLM: Which is the Best Paradigm for APR?",2024,"2024 IEEE Congress on Evolutionary Computation, CEC 2024 - Proceedings","","https://www.scopus.com/inward/record.uri?partnerID=HzOxMe3b&scp=85201730567&origin=inward","https://www.scopus.com/inward/citedby.uri?partnerID=HzOxMe3b&scp=85201730567&origin=inward",106,"2025-03-14 11:34:29","Conference Paper","10.1109/CEC60901.2024.10612028","","https://api.elsevier.com/content/abstract/scopus_id/85201730567",,,,,0,0.00,0,1,1,"","",""
0,"P. Liu","T-RAP: A Template-guided Retrieval-Augmented Vulnerability Patch Generation Approach",2024,"ACM International Conference Proceeding Series","","https://www.scopus.com/inward/record.uri?partnerID=HzOxMe3b&scp=85200902988&origin=inward","https://www.scopus.com/inward/citedby.uri?partnerID=HzOxMe3b&scp=85200902988&origin=inward",107,"2025-03-14 11:34:29","Conference Paper","10.1145/3671016.3672506","","https://api.elsevier.com/content/abstract/scopus_id/85200902988",,,105,114,0,0.00,0,1,1,"","",""
0,"Z. Zheng","Automated patch correctness predicting to fix software defect",2024,"Expert Systems with Applications","","https://api.elsevier.com/content/article/eid/1-s2.0-S0957417424017445","https://www.scopus.com/inward/citedby.uri?partnerID=HzOxMe3b&scp=85200395450&origin=inward",108,"2025-03-14 11:34:29","Article","10.1016/j.eswa.2024.124877","0957-4174","https://api.elsevier.com/content/abstract/scopus_id/85200395450",256,,,,0,0.00,0,1,1,"","",""
0,"A.A. Kulkarni","Graph-Based Fault Localization in Python Projects with Class-Imbalanced Learning",2024,"Communications in Computer and Information Science","","https://www.scopus.com/inward/record.uri?partnerID=HzOxMe3b&scp=85198959092&origin=inward","https://www.scopus.com/inward/citedby.uri?partnerID=HzOxMe3b&scp=85198959092&origin=inward",109,"2025-03-14 11:34:29","Conference Paper","10.1007/978-3-031-62495-7_27","1865-0929","https://api.elsevier.com/content/abstract/scopus_id/85198959092",2141,,354,368,0,0.00,0,1,1,"","",""
0,"Z. Ságodi","Reality Check: Assessing GPT-4 in Fixing Real-World Software Vulnerabilities",2024,"ACM International Conference Proceeding Series","","https://www.scopus.com/inward/record.uri?partnerID=HzOxMe3b&scp=85197411670&origin=inward","https://www.scopus.com/inward/citedby.uri?partnerID=HzOxMe3b&scp=85197411670&origin=inward",110,"2025-03-14 11:34:29","Conference Paper","10.1145/3661167.3661207","","https://api.elsevier.com/content/abstract/scopus_id/85197411670",,,252,261,0,0.00,0,1,1,"","",""
0,"","Proceedings - 2024 ACM/IEEE 44th International Conference on Software Engineering: New Ideas and Emerging Results, ICSE-SEIP 2024",2024,"ACM International Conference Proceeding Series","","https://www.scopus.com/inward/record.uri?partnerID=HzOxMe3b&scp=85195272495&origin=inward","https://www.scopus.com/inward/citedby.uri?partnerID=HzOxMe3b&scp=85195272495&origin=inward",111,"2025-03-14 11:34:29","Conference Review","","","https://api.elsevier.com/content/abstract/scopus_id/85195272495",,,,,0,0.00,0,0,1,"","",""
0,"R. Gharibi","T5APR: Empowering automated program repair across languages through checkpoint ensemble",2024,"Journal of Systems and Software","","https://api.elsevier.com/content/article/eid/1-s2.0-S0164121224001286","https://www.scopus.com/inward/citedby.uri?partnerID=HzOxMe3b&scp=85192207188&origin=inward",112,"2025-03-14 11:34:29","Article","10.1016/j.jss.2024.112083","0164-1212","https://api.elsevier.com/content/abstract/scopus_id/85192207188",214,,,,0,0.00,0,1,1,"","",""
0,"O.I. Al-Bataineh","Invariant-based Program Repair",2024,"Lecture Notes in Computer Science (including subseries Lecture Notes in Artificial Intelligence and Lecture Notes in Bioinformatics)","","https://www.scopus.com/inward/record.uri?partnerID=HzOxMe3b&scp=85190695303&origin=inward","https://www.scopus.com/inward/citedby.uri?partnerID=HzOxMe3b&scp=85190695303&origin=inward",113,"2025-03-14 11:34:29","Conference Paper","10.1007/978-3-031-57259-3_12","0302-9743","https://api.elsevier.com/content/abstract/scopus_id/85190695303",14573,,255,265,0,0.00,0,1,1,"","",""
0,"S. Hao","Exploring the Potential of Pre-Trained Language Models of Code for Automated Program Repair",2024,"Electronics (Switzerland)","","https://www.scopus.com/inward/record.uri?partnerID=HzOxMe3b&scp=85189971922&origin=inward","https://www.scopus.com/inward/citedby.uri?partnerID=HzOxMe3b&scp=85189971922&origin=inward",114,"2025-03-14 11:34:29","Article","10.3390/electronics13071200","2079-9292","https://api.elsevier.com/content/abstract/scopus_id/85189971922",13,7,,,0,0.00,0,1,1,"","",""
0,"C. Liu","Automated Code Editing with Search-Generate-Modify",2024,"IEEE Transactions on Software Engineering","","https://www.scopus.com/inward/record.uri?partnerID=HzOxMe3b&scp=85189301152&origin=inward","https://www.scopus.com/inward/citedby.uri?partnerID=HzOxMe3b&scp=85189301152&origin=inward",115,"2025-03-14 11:34:29","Article","10.1109/TSE.2024.3376387","0098-5589","https://api.elsevier.com/content/abstract/scopus_id/85189301152",50,7,1675,1686,0,0.00,0,1,1,"","",""
0,"W. Zhong","Practical Program Repair via Preference-based Ensemble Strategy",2024,"Proceedings - International Conference on Software Engineering","","https://www.scopus.com/inward/record.uri?partnerID=HzOxMe3b&scp=85185538591&origin=inward","https://www.scopus.com/inward/citedby.uri?partnerID=HzOxMe3b&scp=85185538591&origin=inward",116,"2025-03-14 11:34:29","Conference Paper","10.1145/3597503.3623310","0270-5257","https://api.elsevier.com/content/abstract/scopus_id/85185538591",,,,,0,0.00,0,1,1,"","",""
0,"","ESEC/FSE 2023 - Proceedings of the 31st ACM Joint Meeting European Software Engineering Conference and Symposium on the Foundations of Software Engineering",2023,"ESEC/FSE 2023 - Proceedings of the 31st ACM Joint Meeting European Software Engineering Conference and Symposium on the Foundations of Software Engineering","","https://www.scopus.com/inward/record.uri?partnerID=HzOxMe3b&scp=85180795696&origin=inward","https://www.scopus.com/inward/citedby.uri?partnerID=HzOxMe3b&scp=85180795696&origin=inward",117,"2025-03-14 11:34:29","Conference Review","","","https://api.elsevier.com/content/abstract/scopus_id/85180795696",,,,,0,0.00,0,0,2,"","",""
0,"C. Koutcheme","Evaluating Distance Measures for Program Repair",2023,"ICER 2023 - Proceedings of the 2023 ACM Conference on International Computing Education Research V.1","","https://www.scopus.com/inward/record.uri?partnerID=HzOxMe3b&scp=85174226198&origin=inward","https://www.scopus.com/inward/citedby.uri?partnerID=HzOxMe3b&scp=85174226198&origin=inward",118,"2025-03-14 11:34:29","Conference Paper","10.1145/3568813.3600130","","https://api.elsevier.com/content/abstract/scopus_id/85174226198",,,495,507,0,0.00,0,1,2,"","",""
0,"S. Kang","GLAD: Neural Predicate Synthesis to Repair Omission Faults",2023,"Proceedings - International Conference on Software Engineering","","https://www.scopus.com/inward/record.uri?partnerID=HzOxMe3b&scp=85171886122&origin=inward","https://www.scopus.com/inward/citedby.uri?partnerID=HzOxMe3b&scp=85171886122&origin=inward",119,"2025-03-14 11:34:29","Conference Paper","10.1109/ICSE-Companion58688.2023.00087","0270-5257","https://api.elsevier.com/content/abstract/scopus_id/85171886122",,,320,321,0,0.00,0,1,2,"","",""
0,"","Proceedings - 2023 IEEE/ACM International Workshop on Automated Program Repair, APR 2023",2023,"Proceedings - 2023 IEEE/ACM International Workshop on Automated Program Repair, APR 2023","","https://www.scopus.com/inward/record.uri?partnerID=HzOxMe3b&scp=85168478963&origin=inward","https://www.scopus.com/inward/citedby.uri?partnerID=HzOxMe3b&scp=85168478963&origin=inward",120,"2025-03-14 11:34:29","Conference Review","","","https://api.elsevier.com/content/abstract/scopus_id/85168478963",,,,,0,0.00,0,0,2,"","",""
0,"","13th Asia-Pacific Symposium on Internetware, Internetware 2022 - Proceedings",2022,"ACM International Conference Proceeding Series","","https://www.scopus.com/inward/record.uri?partnerID=HzOxMe3b&scp=85139549791&origin=inward","https://www.scopus.com/inward/citedby.uri?partnerID=HzOxMe3b&scp=85139549791&origin=inward",121,"2025-03-14 11:34:29","Conference Review","","","https://api.elsevier.com/content/abstract/scopus_id/85139549791",,,,,0,0.00,0,0,3,"","",""
